dataset_index,track_uri
275,7LVHVU3tWfcxj5aiPFEW4Q
1439,4HnPZXkx15Y5hfBWh9vtQL
1578,4wMR4fRKMTyUJG6VAsmccv
1246,2HrdUG3XmUH5BvOUeCkVMG
372,0CsM8VGDi38kusMv3pxyj1
17,52Qu0no0NBho3zyRmjlsHn
50,2e3KUBfcAwAyQtgbeUBKob
2200,4s0o8TJHfX9LLHa0umnOzT
2067,232nQnyelarnhjBOB6JSJd
1442,5bvNpG6wiIEf1PA13TkTu2
1171,4SYUXskP2fLUIApeGs1uHd
1502,0dMGq0YUOik1rMZicB96Qa
92,0t0WIrjRcvgBAwLlby2gsZ
1466,4g5dxNxjmQjMwwyKmxIseI
1401,1vvNmPOiUuyCbgWmtc6yfm
1664,1xiYau9lhejkXZ4Shckbgo
753,0JRqBcYOYRh1SqVn5uSQEd
1838,1oVQb8sxcQH7TSsM3pW6dA
1649,1mia2jUSO5ea1Pe7xmsLV0
904,5u5MvmVtitax9R1Mxh3reC
905,0k1hbeZodoEw34FAdbh8xM
20,5qninDC32ywn4sOtBwwACO
2092,13P5rwmk2EsoFRIz9UCeh9
1406,1goaypyJL4H5A8rSsYRRKV
880,12H7K15h3aC5vRCaca65el
644,2bItWLPlRV0k38WVcNrLUS
1128,4VWVupm8eU3Njc7YIQHs0F
2252,50woGYhAqV3KXvO1LG4zLg
516,5gKfjl3XR7Oqf07gkjwLQk
574,2lpygKqzPFtItQ4ss3cgfb
1546,4lxaurdMyGkt1tOrdwRoVO
2030,2uRCkL7sx7IrHIdDMNi9zs
24,3h5AZDf5z7D18plaLtHTfi
1886,2h3i5tGUl6hMu572umjcGo
993,1JJAdquWuXJnwIXSOak6pF
2234,4pdLyulbYLCrPmDzWWeJIZ
2317,26N0HaZQRs5wHBSGES8Eku
816,03kCR9HZpX5muU7D8xYPOL
773,2MAstBGsIzDt7DtTzLhf4L
1523,221LRlPHPuevgE1tuUlof9
1259,4lZupfKIefCZY3byRCGgvo
678,2pqYWzZ2MUbuZeNQ6wopp4
1203,276zciJ7Fg7Jk6Ta6QuLkp
159,6MDijuuArPJv1vbp7K1x3f
1403,3K4HG9evC7dg3N0R9cYqk4
1038,40PLavI2NvHX8KB0zP3oJN
1153,5inaLuIZnBLS2rIpM6T2lr
1279,5y4injAVCNQHdQecwCkHVt
598,0D7DRqVU5h31xtEUccV4s7
961,05wbsMDvcaD56O4SnESOaJ
2245,6GskIhdM6TN6EkPgeSjVfW
949,1ULa3GfdMKs0MfRpm6xVlu
2297,6OjJZrlz7E1n0oVKgiclE2
1597,1IF5UcqRO42D12vYwceOY6
736,65JmIZCsgkw2mbfobxt1CR
996,0weAUscowxeqDtpCgtbpgp
2343,4ZNslVn7r8oRb60a8hYCYk
676,0IJgsMMoFUJbnfCqLqvzGP
119,6LTOI3eGPZA8XDO01WNi9r
117,1rnnD4QIMnhVfOCWKJxuoQ
2032,2AVL6hxC2kgvGb3CFKiqWJ
370,3koCCeSaVUyrRo3N2gHrd8
2375,5CddVUFoGLaM2W1ZSnHvVf
1360,0nkzd3yNniB767zSDDdLZ3
602,0kmrXYtFI8cgxsShrJpThx
1878,0Z4pLlygCvkTHmeQtYAbNH
735,14IoqgWs4gtor11ANRRc1r
28,16MBeatIRzToaR5fXmtnxA
1423,0Q3SC6kEhxYagDP3bFe5K9
1449,0Ja3yxAzAOpWKKj4zoFL2A
1971,4DpNNXFMMxQEKl7r0ykkWA
1719,4pqPBrTkC6DuGCi3l7nAo5
2128,3TRYEF4taRaeugKyjISaKM
519,06zALqB3nPpHBsVg0TONOu
2259,7ckBnwQgVliXftLgHlpx9g
2152,6x53SJOV1PAZ8ZUwH4NFXQ
936,1hQFF33xi8ruavZNyovtUN
130,4lSf1f0NbguMj6djBHLVa8
1422,1Hk0QRlUFCHYG6zIvUh0Xd
167,0uPBYnoltG0oiZ2bOTy7iI
2288,496MA7l7OJ0oQtfSKHqvXH
14,2QUkDpFgjXHcilqVkjixEe
1310,40rvBMQizxkIqnjPdEWY1v
1292,19SElWDxuly4MEh9IRucFj
617,3klMnAnAWXdo6MomqXeJMn
1568,72nAHrq1bR6iDvng3qMpVf
1539,2aibwv5hGXSgw7Yru8IYTO
1970,5gWtkdgdyt5bZt9i6n3Kqd
378,2kulOHR2XY6YDZCWXb38hn
1747,6KkLg2UJB4sUIbtDyc8Esu
1608,2kSb3wYSOV996xA2NSmpck
782,2FfZg072w8RoxlMOR7M4CT
288,02M6vucOvmRfMxTXDUwRXu
954,4PvNRREAWalqbsnn7HEUeV
1287,1TRASRpEznLukhFWX09k0d
1478,6JPmyr2qSrgE6TgtSA48Dc
1960,052vSBPxqdmYRDlkSPiavc
910,4zii9cq9ZgxYJFnaxM3Tul
1978,4Oyl6oYSNeeZZP0OAxPVaU
1030,6insm53ZpCzFSOrMPwnAeT
535,1rZah1UGXvgiQCqLVlq4hS
1167,5cXtT63OTadsjqfRkm5Dwd
510,0bRXwKfigvpKZUurwqAlEh
1491,2seg3LMM9YeZwncdTlWvcn
158,17oRGeekzqyhSqXWoCjVNp
560,3YtGCqleJmp8wg798qLVtM
2300,7Jp8plj7cKXHwrdLngwazi
1266,0O4vuJynWVVdyvoHvZtnk3
443,7MooGz4ZPE4bNxjFegR6Jx
985,1JNkvxJ4GtGbuokjn0buaZ
146,5eLOiEaYVR7I9SudgwSgTO
4,00pgvR1zUVYubZpdY7jryZ
2247,7C1p70Zs3pBZEQGeWMF8sS
448,69iQM8CLaJFn8oqEefgPYw
1683,4XE98WRGbBGRZ7jQ9wIwFt
155,2YNTdxrhOvKX1gZgf4NrMy
743,7mVSR3bCgEM9P4ed41SPOW
1358,54cWVWqgyFukgDKQYmaKM3
2029,5fXlyeTtG6Q9gnyxPFBk4l
1642,4PFAm88FBkY7IFtvCaGctZ
2239,4uxVdPtssxA5DipzyZB9LQ
2359,3ZBu8Cm48RcsqYAxfHDogR
284,7o9OVmPIE0oGbxP67WiT5r
1363,4YMQXzscifAREG0a7KNGhB
1197,22wKQbMH8n7wZfso2VcLJL
1865,7wZtIGsr1acUjLQMPIpM9A
1990,2hUFjIbpKaRqs97OjUAmXb
128,3ZHRiFQZaJXRvnhUt43pqO
205,53WV5mAY2opmFC0r0LjRdM
742,4FNVmJmwFsrayTvjUk1eG0
1569,4Hff1IjRbLGeLgFgxvHflk
1666,4W5xLazldaVUOdckG0vJ2t
1541,34aYkYrY3sXhEU9O4VQgtB
1835,6srpczSEgGgBEsYsxD8oDR
1963,3NDPcoeno6oasqi6Hs75Ax
1308,5axOkQnmQmwtjr4bv1Xt7i
1355,2AQq1I0LiIgfJ7vVLptvy8
541,0v9Wz8o0BT8DU38R4ddjeH
1304,1AJx5jJQy9pKKxcnHm85RY
974,7zIxcV689lVTl924lAf9Kn
2246,0X0Lz7LwpiIWcdGqVWaxXD
553,5iUQMwxUPdJBFeGkePtM66
164,2A17f6I4fh6GqYX0J8noGr
2038,5eLpZ8zv4yncE0RFZlRpD2
177,6TofPmzTTfCXt2KEERgkMn
1237,3gZUflBBfgS3QiTSTg0hk0
1163,1UWRGR9ZnFP0UAIB1VX9ZB
1025,4ACxa9buEUnOdYEoPcnMpi
1802,3ydXDfJ7hRPAKePR1l0IGZ
2281,5PuLygJruA4KfhDVuKSZYS
2001,4ZlAB5Ki4A5KgHuGNriWNg
2002,72vsd9IEBIonmvIY7TEjXK
1505,1uXbwHHfgsXcUKfSZw5ZJ0
511,0golpXYIyNhpxz9GH1MMTR
1611,0Ud8Gu7XyqU3jzfsWd9fn3
315,5dEaQCUCJIQyJs5qVZYXOC
1241,2SiXAy7TuUkycRVbbWDEpo
144,1BCLtk5xX8H8tdD51hbJ2k
182,6GAemDMWAXa8wZOBkO1gar
446,4wTChU0tU44TAMC0xcQizi
625,3jY3ocFiQiWRmRUrpGsqF0
23,6iqAJh3X8bf94eo4reme5L
828,5MUvVmyKD6bBY0XDeWZjJJ
732,5fCxl609046LL8q6Ib5xaY
876,7DhYjNLksXZhbRQeheAums
700,1SoY5RSAqa8Z1Usz9LpAqT
1774,5y1iInKBJiE9Qfi4eKOal9
1991,70oK6ePjILgOuBUzRDOfCR
702,5Xc0N7o6JNUhrHi7ultPZS
1488,4STCTQ1h0VuWfvDyhGOxkv
2268,63FrXif0Pdu4NAPvTh87mw
663,2RcfeD1kA09Kjj6twD6eGs
909,7sT08ys9gXDvYNyTP80zvs
1603,7oOOI85fVQvVnK5ynNMdW7
1108,3QntQwzIBV704yqCHLLmyH
294,51WmZon5S6BHKhjsummGIK
601,4z8sz6E4YyFuEkv5o7IJni
1654,595rq7QWOSaAnnPX7OZVca
1982,6lWT2iiPfzUiqFMNyFnR4b
245,7hqAdo1Wig886zA2jPDupG
429,3tZm76otWH20xzJC7icHCk
125,7nAvryV9PVCt9PQGPx7I0z
2212,5zOUeD2a4lOU9V4FxsuGEO
2320,0XHGKdViVybbZKqEZ2tXqV
1591,3Dwq1oiOFys6Sxr5SslmXw
1494,3QiAAp20rPC3dcAtKtMaqQ
1436,2oxM8K1cYoMmSjOw2kcWrY
422,3MgUWXXlvgUqXYHVws2EIW
1912,4bJbSERtCqK9D6DRUPMmMh
211,0F02KChKwbcQ3tk4q1YxLH
2068,0qOnSQQF0yzuPWsXrQ9paz
1019,4odiyU3myG29Ld0wurMfE8
552,6fwdbPMwP1zVStm8FybmkO
391,6NayIkUhQX2HEixCmvbKvY
730,2BjUvisO4UVAtTHs4lYiqu
2102,0BCPKOYdS2jbQ8iyB56Zns
871,1RIhd7jjWDQwSKsbxxGArN
2185,6PyLw3l6ndolBrTPQp3Ibm
1415,3RDcUlLGp3SLp2AmUbUbls
1446,0mJbuGt59wWGa5QzxuW0xN
868,5YJ4BVvTFmVCxUyhKejHfR
1475,3HvaLbg8WgbFSG9V6Cby5a
1462,3i8rN4goJfBRqWTJRSj674
268,31L9yLXSj6LpCFupyMV6CR
551,43C2Q0wSw19wkIfwbDjbIb
1285,1KLIzFQTGeHD3DBhF7uhYs
1915,0hCB0YR03f6AmQaHbwWDe8
1253,4gphxUgq0JSFv2BCLhNDiE
487,4UIWa5IBrL2Fx9Z1nOB9TL
992,4fazGt0v2v2zkzddQOcDZD
1595,5LABCxgmP7DATATIJXOh6n
2364,4RnCPWlBsY7oUDdyruod7Y
1299,00wBRJMvirudkGVbU3t2bm
1009,7zQRF2pG5pty9sck6L6hF4
1987,4bk6v5SBxNoVsbOvdOvUAJ
331,3VZmChrnVW8JK6ano4gSED
1532,0kr6d8wHDQPlzuET33NVn6
2314,3cDHC7RFgsbfbw245hxrCg
1000,0eEVNYdzmuZZPFzfTokhXv
2226,3jmrIQTRL9ea0Xv4yCvJEJ
744,3fR0qvNve4KHzVVLKFJUsf
1074,7nnIbg5MvyIceuuRzwFZjk
762,2kaENEd8VHzHxgYAYfCNCZ
840,6j0teRL3WdExzqmy334sh5
311,59FBFyeST1vqN8G41YgFS6
413,4RqUEAv0YXitpXVDbf6nD7
358,3mbcW1KDbnkdgjq03JHiQ6
1267,3dvhNq0P4rNaFqmj21jKF5
969,4SVLlDIeY6w5axpMVhy0qH
2048,3CVPyuuD6HxWXgPbbGqbg6
901,7LABrQFfRYcZUqUwng0Heb
344,1cy5US2dffz6QGBAIzOGkq
199,7G7ao6iFuNIn2k9cZhO5lP
309,4wAjmojVxc6Wbeca9XvnDo
1395,2K87XMYnUMqLcX3zvtAF4G
1679,16tU7M0qquqkou1MnipA9h
1421,1VCHNbal0VtE2plMRzvoho
183,5FHXxdJeq1iAE9PjDTEgyd
1824,44PelqgstAM0lb8rHPKfHq
2367,4zKE3RlC6pCCDH7YJpCGPK
2022,5XMjXjwCkJVmk0AHm7z8IV
1951,5s10CwwYyagouc8HEWkPIT
1623,0jx8zY5JQsS4YEQcfkoc5C
1607,7a0mPDySTtLmgE3NoIBNJp
2368,7xsLvTLqXL5pY9IfYyyB8r
1504,6ELFcF8Wke9n2y6iWWTZU7
547,6LTsvaebP6V9tJFvZxqi5M
1524,5iyE2d4U3Vc5cqY9mPTlpy
657,0b1eBCCgA7kg9SwtLZxhol
2058,2CP2xY3OA1adUgFW0lVwhw
319,54wWoqaydioPQmKEFi8IC3
1288,1GJexZ0cM0B4tA7VJxyhgy
1732,5PQmSHzWnlgG4EBuIqjac2
631,4pqr2uLq1CHNSaIeciJpEv
1035,5fcRaiktOXuGauXlTfumSY
236,3bYYrC2lo0krPYuESCyfUe
514,2oBidqrsAh6fbShOhikBdv
1204,5mDh6k9zZ21jP66JxiDsom
2340,1mMLMZYXkMueg65jRRWG1l
2236,2GrVUoeeOWhsbeL4sZFpn4
1579,68NsOuum1AegLDhOIr2ADL
808,6nqRSVkHIlEAlgsE2i9APx
770,0i2jSWCwjjOVzfnvJJ2Sii
1412,6JLcz9UGiVxAmEZXlCucn5
1283,5qRLxhonsUt3MNEiPMSDza
1472,1hCbZv2f90LZbtYynkg7aZ
1468,5MZb6PQHTn9mS3yGcJMWjs
1612,7ofgPlilLgcw6G7fd2zNpT
129,0LlxZrQx7Ji0086Dj8rb4e
1352,6vs5XrxdpfsvD31EBjZ2nY
2034,6NDt5z8GKIHub37hBQ4x18
1132,7LfTMbUWpmsucYcU9aLDM5
2080,4t5ZKs0xMESWicljP2uBEl
1066,7bJIdqzs2ARwxqoeJYo3qQ
254,1Bqxj0aH5KewYHKUg1IdrF
975,6dlpABcXrQKRU9G00i6Zba
696,3US6iSyLP2uS07gjjU2ZkG
1451,3GQnWBLRh9GiaP34RlbTbK
1103,68TUAeelb7c3wzfMNPOjmG
578,2ANLarE8yHVsLWW21nj79M
665,7pe4BMS4P5NpJgMrHNchT1
983,7m2g1kKuF7Tre2PzjK3Lnh
2312,2J15PPaHQZrOnxCc2Pi9vr
96,0u4N6w5lBw5xMrzJitRWUo
354,3O4s2m47MFhnGqmpkjoKYk
902,6bUNEbXT7HovLW6BgPCBsb
1455,4sBvRSGYdjXhm4yBpB61m5
937,7sqK6f8dHVx3Q1GjFrVyGl
718,07C34boco6foHD6VOGB3ec
1900,7y9dOOkTIQJhii7DOGdA2Z
2144,5IFCyWplye09HytIP80RCF
891,0wQCKR9OFjYu5Kzrk7WivJ
1870,5igmAy750NCJWK1yBhkqxT
223,53DB6LJV9B8sz0p1s6tlGS
2335,7JYsArznYOjX2jsrT3UEnL
1520,3Cx4yrFaX8CeHwBMReOWXI
1817,0SHYBsRLsmRc2oVet4QcGm
589,3vgNmjuRDnGLxUFGCLkwpm
1062,7wZZoaI2AykMAL4nyYMKv3
2047,5EeZuhVQdnUkpCiknMTeoP
270,0FDzzruyVECATHXKHFs9eJ
944,60A9cgTlUXxO7c2ucnen1x
1792,1jaeMuWDRTOchy12L2tYYw
1495,2randpfoi4pRjpDx5difUk
2324,4xBHZ2Mr0gCdFYXrPZuYXO
2361,1ZAjMknNremJaQX5dORIM0
102,3kP4gBaDZbTd2CEvroYsdf
1953,6rSuL1ViLO7Aljn2WD09s4
1272,2dU7I5Y3TtNYnMnifoRCs1
2316,6T7LTPOm4ZXezSs3bSGiGT
1932,0XGV1bem5W9ICY2rgleryV
1826,6R6ihJhRbgu7JxJKIbW57w
1880,750AGYnlvyMq9KCs3CgDxP
2083,44AyOl4qVkzS48vBsbNXaC
1418,15BlympuVSfZFROojEMY2M
595,0u0TlASkQWH2bGIZRu0HLh
427,2ezqQeBiC72gwMJoO4w1hA
430,7qbHUQWFTROpJac9eKeABa
2072,0WZVGXO8FYpK8v1IDxlOyE
801,2giFTKbsckzRwNlaSJATtM
350,0YL8rCxASTV9uBE9Sur0Ag
1980,5pyyN3d68eSFbwJRT0SIYO
751,5gYILl4h2MvycyX1sC8SMN
273,4Y7XAxTANhu3lmnLAzhWJW
971,1ILtQzEsKALgFVVlbeqCGS
2124,0LnYa8TzSer3DFtbl9F9hu
455,5GRGljFq4d1tRxaXe11ho4
925,6OxmtqWyLcbHIQ6jvrzosc
1701,6aBOKxmTC5VYV8yK5p31WB
1141,7KFUj2MunvS4cbauF04r6w
2059,4fixebDZAVToLbUCuEloa2
701,2LgUF32UKG7qXxEl44Yuje
1796,6X4f2HyaLrwTVi5juD27jY
2098,3gIj6BWtLyURuS2PxZajkg
1850,2bRTv94ezSCAYb04N7siLH
176,5lSSnYTe9Fm2KsHSnybC4F
1629,4sNwdacKyi2S26WrRtNama
369,3BGbqEDio3ocx1v4egIYr6
2344,0TQ9Hf5DwI9crGZSIlq445
2093,55Uw561aRaErlmIG1V1Q2u
1696,37RC87Ce8jeeKmnpYNExhP
1160,0wlFXHlZqVaLd6AInYsmhx
1705,39YYWeLAUCKLJA5ZHMElRL
134,6GDZA5jBIm8L8DQvU1Du57
1554,1venpPIzDTmjPBSVsM1IhB
889,5Jt4zdXTd9y1zxihiNYQI1
851,2O1qYJTA2BI5ypFFqEZhh4
664,1HmA8GlCB4oXADKkSeW51r
259,6XIiqQp6A0gzaIEaDszkZX
1278,5q3U3cXNtPvbBZAL2bKmbO
1161,71V89tJj9CboDyzncO6ZN2
580,59e7E2LMPZ2bhW5G6aCwX8
1244,3vV3cr2TpPqFk07zxYUbla
1233,6grPoklV4nQYAxLsAury9j
340,0M78T1W2eL8DsLgCufoGzM
456,2d8ctyCSbDMwrByGI6Ybpc
2296,2qwUkaQHhl86gI7zPC26P8
862,6XJLkhMp28qQJi8Yq3ARHN
2163,6bySdv7xPpVdJbBRvpe0cs
1882,3IJCSQoLF4YzPAKaxq2JLb
489,5rwq6R0Uq0BngM3rdmCeNg
805,4OnqJ1ml4Jgr5AAKNrrYCD
1020,46lFttIf5hnUZMGvjK0Wxo
1989,08ZuYMwYKdxLrGufv125m0
437,7sDHATTxfsfqMsLxYMZhTo
1757,7r0Wirvj3lK3jK0I8UtRoB
1872,0LSLM0zuWRkEYemF7JcfEE
2086,5qWXXF3On2xUfVu1ND1NLN
2025,4MBTPJod6j1k2mPbPaPFfH
2213,5mxfqn2ztkmtCxUzdFGGg7
1507,3j0oJtPonSYt9f5jHVLb91
1755,1yzbqrSF0vuaO7nuKYSd6f
1854,1DKhNLbprRP2CiK8jxEAOC
1343,3MrRksHupTVEQ7YbA0FsZK
1730,0wmZOCWtc9OfUTkR5isTzi
1441,6zaWWx0Id4YaHKFODpeGtN
934,2bbhyUWJ5VjdfI3P4PRLu2
2264,1O0OuHwJt7uHL4JDT1uZRP
124,2S9ypm9J9HjPcOGEAHrvRL
1961,6wNeKPXF0RDKyvfKfri5hf
2135,7cvkXf3AwPGT041PyOi5VX
1493,0D4ZDFhwclf2FxZb5wm3qm
219,07DWACsD58aEdq6XnDadLh
2257,5vBuxtwitUimHR2gBOnJYR
1270,3G7tRC24Uh09Hmp1KZ7LQ2
405,6kPxXhjSvy8RsmZBAJUiFs
747,6OnS0xygrZT780xxCzJqyY
451,3gHc5XTAywdFQUsHS6DD7G
338,29wJiSQcze8HEmxkUQykyp
1443,7hHFMRzal61868gqdNIFgm
1331,33daQo3S8j2NcJstEHXwhQ
1713,0yORE7Aw2erLpuYlws1SJJ
1346,1NXguUURlFigDpGEcdKVUT
1155,7BSeKFoxuIBnkHEHsWscI9
1257,77uwHn9c6GsqOrVV6JacnJ
1236,5Bw31Vx2QMJEnafoYve8md
321,2bnUATKYS3JykGpZjjlbXV
2060,38iU2jg98IZZEIJPrP7aWD
1632,7hVhRCDV100Jq26NGR7adw
2162,0flZtKtmkZMNqFF7V7Yfmu
184,0301nLjG0ti26rx5ZmfqtP
1874,044tBBCWOlQD4Si1k5wlkC
1614,0ofHAoxe9vBkTCp2UQIavz
1216,208bYsadJ56km31IENM2qS
1933,1We9y0dSphaMHt4owfGWpw
528,2okC0OWtgS86P2LC18IzHy
1756,7ygwrqp14azpcc6y8Pg6bo
1839,6ZFbXIJkuI1dVNWvzJzown
265,40YcuQysJ0KlGQTeGUosTC
733,387wn4cWaWrqfLrzYIp8rB
2006,3dNjUFt6EFU4Gq6Q5vfJqf
1336,4urxRqBRiaH0i20OKBsgxc
2284,3Tu7uWBecS6GsLsL8UONKn
2251,4Uj1pTWXl1U3ruDYOQIaxo
1424,35x6JdLCr4VWWR5ShNoAWo
941,5CdJveJgiGXoGwDFqF6afp
1220,66pxmg3Jhjm09tHoWR1wVR
434,5i3ju2UZ4JUc3K6QBq9vO3
1638,58lK5WuCDHEnPY5jIJ8z9U
39,4XFYnfBxhRtVvR2hllhqup
1604,5lA3pwMkBdd24StM90QrNR
1195,2kWowW0k4oFymhkr7LmvzO
745,6J8KRB88OX9oB5zmh3VxVA
1740,6jYIc1aO9W3W5RYOVFL10c
352,4G14XbZpRGNcMTpxwRHrB2
1651,5ihS6UUlyQAfmp48eSkxuQ
624,7rDjPg4tmTWByDSWyLfBE9
1906,26nKLWXp4l91qxdrOlCEP9
1217,08Wc3X7XNSyF8WYBPt2L8E
1334,5y7NRMui3GLbwj2zBaOqo1
963,0gMX5qfSAKTPFdVQMRyqr6
2333,6dVZCbi9CYtD9LjAHXRjIG
2126,08CkxtXMDT4mYQ0dHwUgL9
1004,2Foc5Q5nqNiosCNqttzHof
380,2VwhoKTOxrfhkpCfIk1FhW
1622,23xpSDpGa9RoGddlT6OTV3
627,0D9JxmmiRFkJrsJ93LwSqK
746,1Gl6X2tCg9956a4LrcXFeX
40,46229uDbjzfzq0jawwawcp
715,5gRUHiPQKr4JNh1cFR50PF
1921,3KhF2YiNpJvGpfiCW45R6D
2133,5nB5bek72WORC5jegCIPNk
2357,37d8O4cIq36tssCoJnhJxg
1522,0XfuvxptNRVoEWp7SaneV8
1827,2BH60iEvnRAWxGGJVRrz8d
930,4OTh5C0EZpYAh44k02eSJN
796,49tqyhwvGuhjFklMq6BMBI
1337,3umZYbgTkZEnZCae8HKqZh
2136,0755vnFQZLSgHHWbR1qCjY
991,2He3NOyqtLNE3RQPpeDdSb
1585,77vDHmiANW3JS2gNN5q7pI
1402,4v1DBjXexqj9YCvGKOWEY1
530,25rc1PFgPvtV6GFSloyOI0
881,37nXsqE1XW0cxOQvIMsmFc
2074,3MOECVkNshqHYTPt5DZcdN
126,12KP3TP0BYKhYWp0H3YXtq
1559,4M88Wd7Aps5LGRWMOC7gSH
504,5qfZRNjt2TkHEL12r3sDEU
2313,6KmnejQFYdWUVUJh6zwEce
98,4waqcUQWdj0yH26STWl2Rq
1834,56KTVYhK9alJMt0N8A1jOK
807,2wibvZtPbMFbZf2lOwnzeK
1786,5I1RLZDjJhUzYH5GrzSoKa
738,3Cygu4ytxgsXL3JzPbQV8E
942,4SF1747p541umnykBp352Q
788,2bd5OLLqIiE4BnU7Wi52K2
334,1oYZm4FC6H2SPwZuHeHQlg
91,5kIcrM3QVD4BQPFMszQnU1
114,0jr6tT2vc4cIFPHb6wufG3
2350,254bXAqt3zP6P50BdQvEsq
49,33jDWSi3Dvb12xfojksReF
1339,21rrpIokftsRDF2StX3TcI
45,5Fli1xRi01bvCjsZvKWro0
373,4XX1pFUkQOZTYp6Hb6a6Ae
955,2bJvI42r8EF3wxjOuDav4r
1509,4JRem7xHp2l0kmUvt9zCKu
1776,1ajMtpXxmsezJwEUJ25cGs
207,3D0vHU0QeUsLfJk9qP0Nje
217,57pUHpCltt09b5w1W6m9qb
1249,3bEIbBCkFaqzvtWjKdQ74c
2187,1bX3phMuQSmIbPyj9qaIzO
1116,6sio3UGjtYpYgg9Ez3Q6os
520,5xwpXWWkfJRqg1S27oVxh4
2170,7JCsYwXLVBz1rdqDwMxKed
258,1c8vJC0kzPNU3gx1ThbfQK
2237,01y5iYLkUGP0MoIsmMhjow
1648,550rQQCGkrTzvp4SfpOPzx
1934,1mB7dCUM7sPyNab6R43nlj
615,4c7KZ53NlI37sWXbaJhPOq
250,7K1QvbTr4KqK8Np5SpFC6S
1849,0b05H1iP6hdx8ue7XQlC5J
86,1YrZktczkzn59XaWXMCYY2
567,2Vo3sVSCltAaYU1u0f9ASz
1887,5v7kaZNsnyByrSJOfO8gKq
827,0B8QzDH7YWih85V5SEMnyJ
1905,5nt7eRlOOJhrsBSrHWiY4I
1782,1kAZE1Wtwg8sd7lCyLUweb
1777,2bhc6XrBDzSNaSObCbGmmo
2175,1pIX7Ec8RnQi01T4UaoHin
616,0oaNUiiRb6cGRYzf0wsqPd
815,0nfyypmdJkatvTeqevtme8
386,0ePS0ih4UzXsEpMdt1kszU
572,6ZziEeo8rdjBeqDE6kFdfD
524,5Rkbnhwkb6oiqq1HQcXirN
2045,3hWxJGRO3noWNCUgv8blO6
714,7j2Y1jgU5ebtNnG26e607k
968,5RhzjsTmeksgv1hXMZFWYY
1351,2zfH2NDPDBDjNaPNJ60lnb
852,0ro5QCkSCtbfhMHnvMase3
607,2bEWRMWfH5n8QEuXgVlcxf
1986,6QOZWUCG5vq4xtU3mW2ZA2
2207,0IKjnHpwV5TnEHADgfk9gQ
131,4br7SWSJzKEidDDlEZ9xwe
1644,1jUA4rb6ZCv4gby4YU53xq
2062,6Zo3wgDE076K2AuiGZF3CS
324,5LkQpbBFgoyQm1jGlznT7p
111,7d05Cx72W1WsWUw7MAD7ia
1663,3GKKCjidbffsVOECWr4eHV
1082,4G29gmjS7Z2nEFeM7FA6wx
141,0KKkJNfGyhkQ5aFogxQAPU
1328,5hheGdf1cb4rK0FNiedCfK
139,5knuzwU65gJK7IF5yJsuaW
2010,3G3EvGRQUgyhn5icKOiiFP
1514,0UgHkodbptL6XQBfT5HOK1
2275,4B4zDmbHdkXZ1wUJv1yKFy
170,3qVD67mL0JxgU0VQVKR52G
2096,2rgtCOVK2tpfao2VjURn84
1359,4ClGNWLK9vZMBtO0CpnyOE
239,0hlou0hEfL2aS9FpJMX2OW
707,5oMKSjKQyYKGSTFgXOWLtF
343,0tKjVEJlX3IZ5L1rEJc5hh
1821,4zHdw56spOQbEk7T3wXs9Q
1764,7aM71oOz09ccJGzsKeIfpx
521,5tc5fqSM2rwgcwGcJUx8U1
1749,4InLm5a9Qtkru6YxEjM4Qc
1635,57nNNkgk768QVXq3uHxu5e
1373,5QTxFnGygVM4jFQiBovmRo
242,73lYI49LhfsscO33ohrGN0
946,1Ogf7FqBhlkt8rLC6tDT2A
266,69uxyAqqPIsUyTO8txoP2M
585,7EOgYEXi2w5SOcNVCjCvzy
1739,7BPVjSTnKJuO4t9IaXgAXT
1661,0IYbYGGVKQGlcaIu9Bs1Iz
1984,3bOfawOrDpk59qq9iuvJdw
2376,4z1O25cq9g2kuJemmUxc21
186,0PDUDa38GO8lMxLCRc4lL1
2307,0hk30xPCTJYupbonCBBNEI
444,6v0WLvjyQT398T4C0eMmKi
1925,55KYlnsC6nYnr3IykbmJwE
994,1Q6oJGLbh2s1OocPyMKkJr
1672,6glsMWIMIxQ4BedzLqGVi4
842,58lknB6kkfcDjMpCfx7rLH
588,5PfTI3zrQbZEWcQdycMqJM
818,0NEBjIdTbeIdEmbrqFqIZR
792,2t34JLaa7IMm07Ut0Z1Vi7
637,2hyO3vvNmG61IJX50IbqNz
592,4GINkVQpXryhLFuLF0mrZw
2283,3eqT34f3rxmm4dR7madDIM
228,7DMWyUXlGvljqCvGA06FII
610,48bo7uexDvAThcRDvEB2W7
1208,4o6BgsqLIBViaGVbx5rbRk
404,1E252QgKGNYBXfwaiXZtZy
1134,1lEk3U3MzbDeL5MNHkE9JU
619,2sJP8a1vd7Yyh3o0IHYpll
1407,6diqWLi9ZLRnbTpd39eCfX
1033,4xwQXoPQP2RJ6j98vgJgVV
376,53Za5vyGc1x7GxgJVRjRKc
281,73y649QhnXdcm6fRdvfraO
46,2UyWClHKt6fut3IpS2tJiR
1021,1I8tHoNBFTuoJAlh4hfVVE
655,0HbdAS6I0TUmNKBZ0ogzEo
1268,7APnOekgYhDyzZLsNHBZ0J
1162,1PdaKQIgSf73iEpojIriau
2366,0L5gFNrzHyh4OhMwEz6DGS
760,3RvwOyRn1KglgJgKJm2ORS
323,0PAyiPTz8gL0udQnSasc5G
1529,5VYTKiOnHw4iTrB9pG3yum
1600,6AzCBeiDuUXGXjznBufswB
1295,5NqMMfmPhQoZDunOeC3mFX
1936,78ML3F5Lz3KiNkpnFAaR3q
1699,7K4Aq4awgYvDKEJdEvvl4j
817,5RcXcDHzZeWdOFRWsRwzha
1230,2NV7CG9fB9gLzTmoWAz0Q5
802,0XCrt6OreaQ6X0hfpfnFvK
2263,53378Pv5che6eFMVtSsR2d
37,7KjshuVvYwFlunnMSPSTrM
292,42rFOQqHmXf9IkdwVqkooK
1567,7d2TRw0Ub0Pr3TGWlN7jpX
2036,2ksxhKbBfirRHWXGuAi13E
1145,19KDsFyj6Nyxa9xLb29lOL
304,5OepnJhqZoyJN8qWo2LZzy
54,3YdC9oQEHaLT6FEdnRdbtq
755,5xS8yXTaNy7G4ugLXQOk7R
1728,5AcOdoDOQOKtPlAM1FqBO8
2224,3Xn6BioBEOrQnBN0yRrr4p
2222,5JOrWjFDzatQ1ycDJ3Tybu
1411,0LoRk8haJvOLkkv0nF5HP2
2076,4VijLEUxHEzbWKYL5u9wuN
1224,4sqGJ5eumHKXrS7AGf5p7J
47,6MOqASyUNmA1Q2I1pcmztK
1942,3Wn52FjoUJClQOXwKePPp3
1344,36WNQJFVjYhDRZ6vJhYXEh
670,7B9k5808vKirSacO3HilvM
811,6TQ4DgGhK4if6DNVpyi8V4
1725,1nUzheEYAZzXfIdtgXZ4i4
57,5eTNdkstwKaNahHf41fJ9u
1533,2371M3KFIjpbHnVmh4dw85
261,0Cw5iiA8OHWIhuIIA8u8N5
396,2qWKpYIleSvBT6aUMXoia5
1011,2oRPRsIToq7Q8QuzaXUvo7
1829,4a4LoPlH6ASTTZ926Rg2OW
414,3ZjrfGcb3A2PMGA1vRNgSk
1076,5VlojXyAGM1q9ke2ybxrVT
2309,7CWGU2REDhNx2kGtkbVMx1
2303,1tMyqN7bNCokdg7jWgKPc8
1290,3Zgr792YSKOtnpL1Zw7cqW
2177,1KcAisXPB6NhO5quc4Umnn
1083,29CNWt87husOFYXnC8Eb6Y
2095,1Vv0MPcooEoQzVZYfKMgKW
82,7JIjUx3GsL0upxmNJacmtz
169,0H9k5RFDiHzL0WTPBk7Xz8
1367,7AUOZzM5P8UDuA0zga0PP8
1528,2xNzMB8Ur7tviCGa68WtuL
364,2tUBqZG2AbRi7Q0BIrVrEj
1473,7p5wsnBap8yD1S0euyAA0H
575,4gmmRb6bZJffOOiww1JGTO
56,64aJ5HFvhIqHchQKTzyCEd
929,3fo6DYGktjENCiagUeU9yH
2219,0kqZGbpeLs2K89qTTi986z
1049,5NHT6xEIVlW1lG6oJmoEHF
234,1M1HscO3JywTvswsVx1GcI
1930,0M955bMOoilikPXwKLYpoi
1364,5H9osUMcTbPs1Hzo6tIHSa
1088,5IChepDidVaL8UkG6PuzB2
1104,0i3QayolUcd7kAm5AyRp19
772,6AKSrodq9kU9hmTLEeWFFr
1187,7sTKwnhDOIoHxr6M0R8XJ8
1639,7BqBn9nzAq8spo5e7cZ0dJ
2282,5FljCWR0cys07PQ9277GTz
135,4zLWqXYHFxLFceyYryOVLE
156,12q7yTtyZfJjObmss6FQi3
1967,5G9qKplB5e4lIpSncwKWVE
162,5rfvovWBd35hYqk6rWLIrr
459,3EmmCZoqpWOTY1g2GBwJoR
1313,2NImo2MajNai4CLk35wMut
2196,0BBOLOV5JntPL3341swIre
979,2fQ6sBFWaLv2Gxos4igHLy
1931,11RUCSAgpexhJSMmcuO4h2
1370,0K9n8TBThz4xNAkF1eIlB6
1926,5WzgzEf4flilYdMGqN4YCV
410,70r9GGLXLAUqKwPefF7pL2
1972,10Lu5P0waAD6jc9u9HycU0
831,3aJ66zarLOVW4o2nPDxg0g
42,71umcNuUm2Edj0dTmTh2WU
1562,55HXEV6zhbhKEClHrNh4k7
830,2Wc5No77rhsfW2mB9LzXB3
1342,6qUEOWqOzu1rLPUPQ1ECpx
381,4eH47ofIZbrbKwmLJSu5hb
716,2ItPhHWZ7GMnY1Aw8glvQx
525,6rUcS9i07F6okIe8wujs5J
2089,6dSMuejN1LbxkXDLC6T1Oi
2113,54QclN9OCbvH53Mw1xTVjt
461,2jdAk8ATWIL3dwT47XpRfu
2042,3YGH46uhVtSYP0eTF48Iqk
987,6o3s08kk2fQI37vxGZDrJ1
526,1wHZx0LgzFHyeIZkUydNXq
1490,6pVW5LRWgeLaHudxauOTJU
483,1hrNMTS3B260veGlzzIrRw
2167,2KIxyCvBR4u1f9B2IRdlXX
945,5TvE3pk05pyFIGdSY9j4DJ
1404,5DOkgpmpvu3VgtoxBFf5I6
2146,6zA2SEJJoiNByVMlQ4vgtH
507,4U45aEWtQhrm8A5mxPaFZ7
1837,6ZbdcZO79W18dTwXf356Gp
1583,7qxjGHW485TL8ciwkHD5MK
557,4VJ7mnW4wjjIgPBM6KWvPu
2280,5mMRgTxoeBjEAZdBjPGvaC
1684,6qB7YcFpeBEQa0D6QO482y
1765,2UaSapjHWf55N6ZWlkvWPu
362,4bHsxqR3GMrXTxEPLuK5ue
2267,5zT5cMnMKoyruPj13TQXGx
2339,3W64bMbtjendcK0o12Znub
1072,3HDI4IbXISO10HhQSDM1vF
1071,6aE6m5NGfzSZtC5gmpo4d3
1269,6OmxjsLCNHIqM98TWlNcsZ
1558,1foMv2HQwfQ2vntFf9HFeG
981,0SAIjVOwxVnO1l9HGvLuOU
320,5yQS98SqRlWTg53uaTCbst
515,6KRddNr4XlooytDWtefT7L
2197,4HfsgrdwKNkytFkuuG3w4n
359,2wjCYgpCMywSDkds2c8Rq6
1957,4TncWhCfACwaIU8hllz8SQ
1298,5PUgLb91UUeA2oxvXEmMGU
1780,3kDCvoTwCmvsGXYq1cG5MR
2365,2Jfsw01CDT5XetSFROs9v5
1547,2pFEbA6GdNxBOMn9Egvowm
1150,0lQJBl9YEsoMtE8D4yTE9g
1643,0I3q5fE6wg7LIfHGngUTnV
513,5fo4LbJ8lOaB54wcM5wPMv
93,02wZwpZW6ADtmLAMQomvkc
888,1lxswgIpzV6HhENRvkflES
917,35OC6rMxa8lJi8eDiUVShS
2322,1wGRSG94dLt8fIZWhR3rGG
1653,0Ls5YmamH5UJVRMm3Qxn8q
1158,7GBvTJCL0VJrKGtWsGUGmQ
1640,7d23MhPFE9eB3U8DPRirnL
1673,7d9I42jF759n5HuUeoulzR
388,5pdKPY4O9CHuzDDp557j4N
1384,28r9sD2b6FluK7YHjTJ0fl
680,7u2PhNhubHDX2Kojo49Hep
168,2IFqUmfW8oQoKn6ToxKsMs
1057,1IPpYIkPVnja2CJOb2VLfO
859,5PbZ0HW1a482puzxOmtW1o
626,0MPVkwXbh5ZYBIePKtCt6n
2071,5YHR8wBR5jXfGtP766NiAT
1909,7Cj2tT0m2SBeIO1PsGfk8A
924,1xuYajTJZh8zZrPRmUaagf
68,5I76YtdZkFQReVgKppRd78
2179,0IroEWtVMzHyqkLKKC5GPa
1766,5L5SPVCqxJsNZtfdq7febc
2190,7KlVf9pYju07tgz4J2uBic
556,4LAp0EFUdBeVCkusdw8i77
2326,0grFc6klR3hxoHLcgCYsF4
1593,5Lbsc65org0b85kNsPkluY
215,3MMJw13cPo3E5ni0qmip4I
1871,7lPgFhpQCQZ3gvkNMVJ6TC
160,3skNFsz9YtksD6LUUo1pz5
2346,3jH92uUHDEPQfjfQKYErj1
1094,1MYkU1xbbwfREIhUK7yRrm
717,6SEMPEU6apmiDxdpjZJJRN
244,0IgiOjaYaCEEXuD6qY69a5
1450,5XY2LEP0uEeUuDMVNdNTI8
1305,7IhsLJMqdxoo7YAZjaSMru
928,7jJsme36M90Cn6aYYC2l3t
1081,28Bao9cmaIMsqxragOM8ba
204,632VyMrvhsHIsO4zq9khts
819,29HdGh6ggvlRydO2d4XWlk
478,05BgC2247XGi8ySwBzOO0o
1552,5omYVLodGmaxnhua99xIE8
1369,7BY005dacJkbO6EPiOh2wb
1669,7DdXf9x75iEVCHWfoRwRuR
1192,5rX6C5QVvvZB7XckETNych
1958,1wQPcfKUzpzrf6gcVqQh04
2193,0mIuIBLkaRvPCz6A0mPqbM
44,70Cp0ukCMyWeJML77NGERU
196,2wGf8JbSGQB4XfZTJkEJPY
440,1eGY6roK1W2vFIhDXu2lXq
708,3AOZJOD2lnAELI4DtmnRx5
1868,67S0TqyoE8Z32QfgwSA39I
1164,6N5DRCQUSXT1qQqmqsO92B
1812,5IgQ5tC54J5VxnzWckP04K
1427,6TBSEJyK3DvAtR3l0aLeCY
1668,6j2aNuhJJUnRj6UHcvn5PI
1949,4EYpOdL69yWuIRc49AyeZa
115,4EbAftNM732UGLF8gmIIsX
389,67eYhJkn6sG8cUr42ewVgw
99,6jN6I54n7s3oFBRRuaCbUK
1126,2tOutzFrnYl5TqzLqlx4Vw
1660,742YV8T9ZyczCNdrTIAhaw
342,1pKubpcbRCOLY4wbvSDqzt
65,6rCyXpDwlMf1GH2qlpjJWv
1918,3TO7bbrUKrOSPGRTB5MeCz
948,6VWUOFXGwH1OgyPrfRONrn
1321,7LRMbd3LEoV5wZJvXT1Lwb
1388,0ZkCGkxzTgaj0j913g2b1U
2158,1m2xMsxbtxv21Brome189p
562,7HKrDkHd5kPARX4O7Su70O
1437,5iY4ME9owPdS6R99Kcz5Gr
61,15AbuFJdFrbINydSMSqVhV
836,5wyrQLBbmKdxY6yLNdienj
1169,17kyc3Zt4WlmBu99DArFdT
1825,2ouMVpv6OJglrFHg2GQPwd
332,0ikz6tENMONtK6qGkOrU3c
1480,401X9WyPU3ebLBcYsDedq1
964,3lxoiSjqcEGGD5H7YM5KVF
1665,2LVxvGhl2U5p2ql2ujc6vZ
731,6dwcPXelq5OPKY4idJtnJG
1667,7C5Jk5c6Y1LWbXCcPS6ATS
1862,4Ibq0GP0k3MmVMQDJ2tNZV
740,6xJHckIUGCZceh7HPP8ux5
683,5iVPb508Vw0kwA3Jqcf0Dj
1018,6HTJZ0TQJVMSKkUGzAOe2h
318,0SPLz2zbrID4hk4fT94ib4
2321,1UBQ5GK8JaQjm5VbkBZY66
89,2NsMwNWumJXCdTg2IZCLZ5
431,5Y0E3dOeynKuLDAXu0t0Bg
1001,7cD41a9jn8Af77RhJcrJiM
684,0t5DC8Q0eo4RkxlCqhmEQL
1800,5FZpQgKgPpSUitxYMnoJmg
243,5jkxC8SIZJ4qqusxRPVS5s
1536,7JxvUJq6eVrJikHrd5mcbH
1787,18J5HylXTteQJC00iwdgFf
1992,4IN3imzEuTsiHO6tOwDQu5
1625,5UBeEw8u5VurDhPo1klAPY
1448,1Iieb3U5CTQGDHqJeOwVFN
1096,4EJKdhGLA6nmaOU7l75NXv
512,6C3Q9rs5FsafL2VHNCCRqJ
1391,5J4FiKDJIdJ8AKx2gaWMt4
2028,4HRa9ZWcmZ8JD7UySPu0wT
1783,6bRjYP2M9N0vpsBBXFZSH1
799,20VuO95A8RxUPlShnfYArW
1836,0ccCwNzXvr1Yoz91vKz31Z
1885,2xbI8Vmyv3TkpTdywpPyNw
2379,2Gsuc5EdHYPGK6h0xu11tX
938,00meczE1jpLTX0BBzIGrAR
668,7fzkwV4lfFdaImzLLRarA3
2107,6Z9FNZ414aQrT7k5zSTIKY
269,6f49kbOuQSOsStBpyGvQfA
447,25Yzff59UGjz7wNWmjM39h
163,3eR23VReFzcdmS7TYCrhCe
48,5waH4K1bmTMlikre01uqKi
153,7kClqlbpmpZmGMimROkvh6
721,0ZufzBAe2nz5gQp0eKTUYm
208,2ryAcZJz8x9LGqCKEKsHng
793,4cEtT6wn1dO1RkpujvUrfz
1570,1S9tfxdFr4TqoqA14gnKj3
2046,4VbDJMkAX3dWNBdn3KH6Wx
1994,4izhmF4sQgGemZpLC68bC5
1506,3UajtqBR1vopHl4EVQutul
704,1lQU3PkJm50NDMFIJ5WEDu
2174,1zyqZONW985Cs4osz9wlsu
382,7hxZF4jETnE5Q75rKQnMjE
1127,0XfSjrzjQ6IVEu7n5dLdWS
1301,5ynWvN3bQymHVThxutO4hG
2323,0GrHWVTDsaWcD4nrCGr7VE
558,6uIosJqe4IbrpRfYtQIy7K
112,72tAU6b10AgYfEFKrykp8J
2008,6ZLGthToczpvnL5Eoy6yrY
1133,2orHAZyBJH5rbojtwPsztm
58,1q8NdCAQ9QUjpYiqzdd3mv
723,5CeBjiQsAZJmyAUgYURLaT
534,3pndPhlQWjuSoXhcIIdBjv
1060,4eYaDRhiL5iesFp2EuoODr
2069,1klGbW5a9qTBFUjFfddbmU
857,1MNdfH2KC5LdEde3JPJ513
104,6Gap7FCzt3a8Su8HzW76I4
2070,3WKg25vrbjJlkhsgl2W4p3
73,2WoqgtWEBbbBKMDN6Becs7
7,1gZNqH0rDxD1mXLeul1Qq7
1799,5OaJyV94WfDDpoxwEzybOv
1519,1TfqLAPs4K3s2rJMoCokcS
1940,76tzDKhVle9QKpWx0apgCm
2164,4VcV0t8VN6AZcWTznJOUUN
2214,1cOi4OoRlpOznxiRa8FfHf
1675,7znZvX0Mt6NBmaI8VCPurT
2137,0wqocHOZg8odmys7DOyVER
892,6kQYMqjobmB8MkWwa9OUyA
5,4AlSFIZqCLxIzJca7cd4fq
2354,7GebhNsNL8mm3D218sd1IM
1174,0wdKiSBUT7aZkXUIdJWcwC
1548,5MIMD5WMooNWe8QsMqCrE8
765,4J6KIKKEjUtKPwhNVjMUxJ
898,0JoHqmlqE0W0i9prt6kcHR
1503,4XTuSMs47SIg35KxhNIUGe
563,2uWlfvIAzCtbpzGbXxkSJN
947,30lAGXMytmKjGVZk9BBC3m
1085,6mUjZMRxxE4kYnYnXrdYm4
814,2YYxijGrbQ2coJ38yKTq6a
1223,2dgFqylK6gyILa4HY65u0y
497,6dMbPSRPbu8qj2gWG3sJTI
1206,4hd4x0iaXAQ2pIcyUgHB7h
529,6GnhWMhgJb7uyiiPEiEkDA
1322,3IOQZRcEkplCXg6LofKqE9
864,2CkHE54EH44Qj945ynQRw7
1327,5EHHMikaYxhe7N6h0gBvkn
785,4yFyjRx1e8w2iupncTBBtv
1517,7I5fYc4qKJddht8Ozhqqdx
2221,4N9FvUB79vO6mC4Ewa2LCZ
1904,4ztR83ZgTdg8H9xypnsQfS
561,1HelT66pscWisKV6mciTSe
1797,0WZZJ0mDKIkLfL0710ssZt
1068,3QOelbDFgwXiagpUHBxARi
1325,6EPRKhUOdiFSQwGBRBbvsZ
658,4STHXpVUUMg4OEXrGLsiUr
1685,15FlkvOEu8iFCBPZ64heHJ
1185,64x9gfHg9gqSGmVY10psD8
1063,5XsR9EqgROvCsA6joaHO6z
820,0CETmgFGt8Ne8vLnaLcduU
2336,3CcvahnsiArpTHYQEWV2Au
1003,4RQGig0Vhr4GXmqfklCCyK
1681,7yO48FWUkqsrdxrwkGcnwl
1365,2w3ScXudq4aD3K5HFO5xvx
493,77ZdAoTHYoF6Umo76HFD4m
1433,3JMAdPq5TUOKBGsTATjLEH
420,3dhvJ9A5uBPJ0NMV9GWTWY
1263,2Q26sym8OSOl6PfH7LLPtJ
392,0F56GAWK57E3iXohy9rCmT
2111,1IDF4jYiuI17U4BW23EoXV
302,1f7m3aueLvkYG3xTEqDxkY
500,4BYO8KU39k40yaRAwDgyUs
548,39liuGHPxn2sAyvO6DINor
1077,7i2ZmmyLzE7NcFAJl30mKY
2178,1l63aCtu6y8vRmYv0lUNYE
237,050iNgNKEUrJboOnH4Jhm6
368,7o9uu2GDtVDr9nsR7ZRN73
78,7snK1sf3ZHxahCYpFy1aJ8
198,6Uq8BnOxvXJsQiJ2XqfO5P
1330,4vO9dmzNRqDhFY3jD1a3P7
1889,4Fv6wNYUixnYkj3Dgfrls8
1582,40sRwFjfrRnaTdYPJIg4CP
1219,6DRsEO5yuEGBF87qpyMB4d
1759,3rTnGUeDrnZV22DvRuUuXr
1286,3EyMXL2qgHywgAwUEI4W1a
1628,0fiPpwBPIaxxydn4KzX9Tc
1571,4hjGZN8poACfjWCK3Og6vY
1380,3jlbL2OTD5YmIunYzgQTAN
2294,3qfV7z9rjoDOaKh6jd2gmq
286,0FgB2DGBWy1VIyYgR5rdvP
1297,0V1TM8S0mQrNa7WT53CNSh
1641,10Nmj3JCNoMeBQ87uw5j8k
94,6fVCBBlHif6zfqXAEHKJy8
2082,5K09WxKdlkroDyEVyOSySy
187,2YEr07055St40kz0aUfm4f
1813,1Wqo4QwnPr3O1M5PMDFtAw
894,5Fim1gaXBgsiFfsQAfQSDS
855,36evXa8bNvfBYNzePEWhG1
1733,6MMuI4k4Vs5ghtDH5i2hBg
1618,4Wx3fpmpkiMFT7dMKvp253
1655,05roD4SnLrNnwXTwMZRUKS
766,1iXxhUOHD8qIWH6ik5jCN6
586,34BvO1DOwjZ9pHBRiC31tE
1902,3piY5aMfwEEmXMV6I9kpoi
957,6Y7AJJQq4KKjX753NHA10m
1306,6ZxrUCaynLgKSUudACOTwj
1340,59PL9AwYjIrIpP04n9gmMR
951,0osPX8TruIebOhKuG6GK8C
341,3imZNKKJ2hHzzsM6363hYq
832,0gqfvyewE2Sh8TwKBFajCF
544,6BbINUfGabVyiNFJpQXn3x
804,3Vr406z58yyyO2Ofh1fbqA
1718,3sBNaoeB8nQGtognBs5ycd
2215,1NlRwjdaw4VdELfB5tgLCh
424,00chQGvija63zygRg8nyL6
2353,2BY7ALEWdloFHgQZG6VMLA
1140,384N4lsAziKXZ1MlDFTUAU
884,7JElWLgpQ7lxN1JNIYwuVu
1962,2e4jB31WcGsxKL1ByqdZCq
1265,4yrvnhXDys0DTs2yTqpLBJ
1122,3B3MTRfdpreO3VtpaEzZpt
1115,1QXhzptk3KMnO8xewGePhu
143,45aJNFL6jdwHnftEoUqPrc
2145,4mKbb9uvBMlVvOUv8fdBt8
2345,7Ar4G7Ci11gpt6sfH9Cgz5
1626,26Qg5sCCH8XHjYaqhWGn85
2040,2THkQauDWMvJgXFGPY4iKB
174,2JHUyqcUPswhtlOehlqnR2
1454,3bfqkspKABT4pPicm6wC9F
1464,51ightZLFHVLewTd3G1UW9
1767,2hxSwyXevgF9G8LyL0LWhQ
12,3sz2fvkHUhBip8r9i8HqeV
1602,2wZTnl0pPFr3HBcyXfOaVJ
919,09S64DUkxIX9EwIaULu6yN
1888,6jmTHeoWvBaSrwWttr8Xvu
1601,5wjmqUGN7vrAqFqDWrywlZ
1420,3l9tlu58MWDpHPAQEOUQAn
377,58mFu3oIpBa0HLNeJIxsw3
2106,1ZWLWVqeEMWMKTlteS0yLH
84,3mx8WfEOjeUB1a0fpFxQmi
906,1IcnHHfeAkdc88LybFWwb9
932,0auccbirOSgf38celsAEJA
776,4fXoeBGrVWfNKpdcmL8tw6
1378,0aULRU35N9kTj6O1xMULRR
1806,2BfsHVTPb2akgd1IkPi28T
1564,2LInpr8xCjymqBN3DQa3eW
2085,4beWEVoUbjSziAFPy8voaF
2169,6UBqk9rh6e2Rj7LLzDjn6R
844,6Q1NPLtp9IzcXmCutp3Qmo
1922,05RgAMGypEvqhNs5hPCbMS
421,2lMg3lCMOGistaWBNGjuT3
297,0ekoNFB4Xnj2HQAYQ8PTBY
2171,6RYynPLHZLnpwjejfGWpQl
797,0gXepWfNieL7anmi7sQ4ZE
463,5T7ZFtCcOgkpjxcuaeZbw0
2188,34UfbFy1jckcIwmbymvqwx
1039,2tWpe0cnLmBc3b8neebsuB
1213,3Hx7RXqCS7Kzjy2ot2q1Gk
1566,5dUrTVfmV73nfOp55Xdqq8
1659,39vly7Z4VLImfggnEDEUzf
778,1slp9bsSP5OKxDagBAD9Ty
1720,1uCqIhOePc6hDMG2ijk8sp
1863,6QuJqYaFAjcZ5Q3mnC8UKT
1350,4PkJ7c9y1CwpuVOiJODnCZ
672,3VBrUv749juguB0Pa2RjXa
2205,2T4JE91t7Js1DJ4rSHltcQ
479,1JDA3osYACWQv1EN8sgaDG
1965,1zFwTccO7icPFb4VqQ4KPf
38,0rjO7Gbz4PTbj08FdLPzSU
1065,2N6I3slzcRXW7pUw2x30qL
1937,5JUufCEin0aXyFLXCzJbUL
850,1MJErNPIQUoEMu4YUUmecm
703,1muRzXi1vOlroSNsFNpKNx
890,2yDaWqECegHdiFOuez5gdO
1959,1P7oIDtrjsPS5CgTbom58X
2308,1PRyPD26m9oOWr9bzgICCS
279,2TuNVD5u5iAslHp0moLlTn
1382,05Sgj1Hx03ZXc57gsV1kfX
1917,4gMgiXfqyzZLMhsksGmbQV
1789,0LOcXq48Q660WIRrMlhEDP
689,1BlsoyEYe0dUCnWW4kk3Mq
923,4sWkZXLxb0lPCXNBzw5rsr
916,2oogPGq0DcK84xEVM0EAqO
517,5kRPPEWFJIMox5qIkQkiz5
1024,6tnMdhfBVXSdwj3ntG4zEy
630,2Qy3w4GepgXJ0HiDWuulPI
1762,1YY2l5k7QmWoEWBprsmTuL
2127,40jiZBsr1W3SG15AGU9227
834,2DynJ2cNsW35sTJCaRcb70
1793,6mPpHS9ocuKjsehu8NgD7r
618,3Try68sPCVOlmX0B5o57ZT
1362,436yrzQWA32vb1sTZKXg9r
460,4E6cwWJWZw2zWf7VFbH7wf
783,6s6nGROlSghPjWTUGddd56
138,5gnEqyTtO9ssGiBUWYnKu6
226,5HeEJbaS7V9Ft7gfq8uRGi
1627,1lAcGnyioL0gEOy2xZvPWz
1499,6kigTMUuYG2TXhCFNZxeDb
724,4PV2zuwxuRGLkTyM3EMJfx
475,1MaqkdFNIKPdpQGDzme5ss
781,3VglrdhjiPgRhaXksGjLjt
1047,6amWzecM9lo2uYpVOQCkEZ
784,6aLZkgAUXzk1iCWYL4UVev
713,3dlHGh0R9gm8sfeW368K1S
85,44ayrb3kbN6jwX9WWdoTcV
1716,3jJZVeExYzVYiV6Y9Fl3DX
1092,06wxyCQFJOT0bjvSPMQj7x
722,1kIt1l84fYo9QuVBiCIuJ1
2108,3SktMqZmo3M9zbB7oKMIF7
1795,371oFaGHOqCmqRwx0XxEpo
295,4NYwy0R3NdvORX2B6OZXBT
1923,6ORqU0bHbVCRjXm9AjyHyZ
1534,4hjuUelurEBKlqpJPJ77Iw
1227,68FdD2xAIkaVAzXJTpJfK3
1617,2XYNq7LIQrh82m7LPiPN8w
614,1YddKfSvj4m0AyIeroFVaY
1186,41qWolM6a5HcZLMBvZ8O6i
612,3kQoWDsseAkLlx2grDjVcm
457,6Knv6wdA0luoMUuuoYi2i1
1042,155NjB8Mlcp47fM7t9el61
926,6HmbxFHqanr8i6CsZfbokq
107,71w26UK674tLfGtJFfDSjE
522,5ByAIlEEnxYdvpnezg7HTX
1596,33bURv895AN4FkBvgFo2dx
822,6h7ozUeJofRa3KxNaPWd9T
907,4zOZQdgs7nSjMkqB7keSM5
1135,5Zb94ke9RQDjpa4yKW2aoA
1316,1x80xTzSL7pok3M5JC3oJz
1434,2bnDTGikdoO8CwzlAPyBHR
1189,4XqhtbkrbF9qX1Qa7iQTFH
2176,7q9dfkHRzed4NaYBarcuSd
636,4ihzO3hOEJB89i2blS4I9Q
235,1FnItzXv96rXVILRuDfedz
1916,6mFkJmJqdDVQ1REhVfGgd1
1376,0k2GOhqsrxDTAbFFSdNJjT
1010,3gmVbNqZTlOcTuWVpXO2fi
411,0P6TTXbSLGrSoTNMz5kvB7
2056,2PVj2QQ56ZuMZ7eyK2L73V
1107,35ihWLSURZaIbJA1iLJgAP
1111,4yvQq1EuvBVxalMTyebk5a
251,53b0aAH5n9et6NlMJVaPzI
576,5J5PXmMdQ2nh1lZOal8KmK
2087,51FpzuGkRYXFgsE2zXt9av
224,5ik5nMy8vdS2rXe7SAGt2K
257,1JTZqN0snbMSNtp59zveTs
1721,6QewNVIDKdSl8Y3ycuHIei
2301,3X3P8wgRL2wsLoPtVFO41d
779,6Fme5eNhUk93pAP5zxuHhj
829,69M9QCMsCQ5MLsw7BBW0rL
2363,2UFOh8iMQ2DON7sl3lqGJH
9,3lOHsJbgHssCNmzyS3GNfd
1061,3eDvYMlweW2C096kiSMNaN
71,2JBs412fpVUuzIaIp3CyIs
218,51vo4MbGHmzEuW5Nrk6flg
157,3rU5DakBr3a82YKOzAQSpr
566,19YKaevk2bce4odJkP5L22
1086,72VNLbfQELdPaKMTNjT2eB
1555,3lIxtCaROdRDuTnNBDm3n2
1908,5DEdP7MrcgdjXWGHWAeK5I
291,0oBTL3DacRWAxLd6aYDscZ
952,2kzRSiyignH8yzPTrWvyPo
2159,1AM1o0mKbgAK5oMpY8B3Z7
518,1UZOjK1BwmwWU14Erba9CZ
1036,6vp9J0CECnsA3PRxasHhEM
1633,6wZI4mdT8JwXgkGURnBQiq
390,0B7WySyRWVvZkHIYrOvn6N
1892,1WQvmGZIMBmapHL3Garw7e
646,4V04bHiCEVux579JcZQDDP
1274,60R2v9lheAu3lwZwAFxMZK
2,4EbN0CxS7sSqPNlr538B61
878,47TyfLrGhYHHyyQWk64d0M
1877,3ATszyxWrWU2JWTeqvU3fY
147,0mGeaxNzBIm0vMNjxKX5Xs
1794,4hKGICUB890arImAdWRaHQ
1006,1HRtVWNhS9tEvDQyOKD9Fs
1894,1BV0m40U0M4t1SLIsDnwZl
527,4W4xv37qW4ByDd7vK4ctPL
980,0mYoKqA23wUUj7BTEgNzjg
2018,0scQIzgcOhnmfqfOTpRUFH
103,3NUAnPminbwPZICFpMDoNF
643,62jFrzCMncwCQTnt8RcHw7
171,5q2KGgJV5l4MAnnGIrvKSK
2009,4Sfa7hdVkqlM8UW5LsSY3F
800,4JLcAU2xY90qTkTSNM1lUa
978,6jvvpPJQJy5rMOEkLlADl6
1095,3AvLRpcuu5GryN4kNHIr2g
1419,2LvRR121MWFmmEGkuV2vQP
1501,4Ie4u5mxn53KoPuEn928Gr
1645,6A3gHbGIWZp2AScLbDuxJI
606,1yWlP9paRmFQ4W4xtRTSlW
499,1xpUubac0XsKsFdaOCZxJQ
1400,2JgYrfAQXXPCJsuFwkTiOA
2037,3XWY0Y2J1onVEq4TRdwaS2
2302,1y58wFuYYnVsCnY8DsOELY
845,2NphztefpybiUgnaF0YVNB
2052,56ZDcszhe1eCeghso93fXP
931,1ML2r3gzmd9776dmnlGYlh
1914,3Vn9oCZbdI1EMO7jxdz2Rc
1198,28GUjBGqZVcAV4PHSYzkj2
775,1dj7HFtvaPok3N3ZxDXaiv
1726,0qJX6ZLZXuTzCmHmORlOiZ
1180,7rOlDNZrL5oiMrtHWRamGQ
1191,2Ql3AOQedeK5gFq8tM1tIY
1818,203xmWRHAyqwW6AkGkhhVM
1590,4u9Y4Z9i9VaAbBK7rW1Rha
1022,22mek4IiqubGD9ctzxc69s
1744,6dtWKqqdveI3YvdYJQKWWn
1471,39s1gNBKZYsRmHuaWYws9B
2347,0vsuDbZZ7llAd299f0xxc3
2097,1khx2VkCbmN2Tf4ngwRBL1
749,3SXT6vymwQdr1PVHAbccD6
1710,5TpaWJKnuyA4MjzAbFXSTQ
2081,3zBhihYUHBmGd2bcQIobrF
161,618RkOHKWNX9AL9pYStLoB
1196,5lN1EH25gdiqT1SFALMAq1
2255,2l8qA0PtOz6JLMzxMnKOaO
35,0bEAqcYuBxpXgdfEqHErn5
1474,2FBXYln4VAlL7Ot7R6ylSc
2125,7L4w1yQnlhqo4oUjpW53wz
531,5O2Yjlcs5pSpHq1gcA0cwg
351,1NWART8FuUdzfE8d8ueETL
105,4Bp7qGgLHb6P7Nmbl4Vczn
549,5QrT8pNtw1UnjqFuSUsenv
789,7mpwZr6bRlXCo2QBZ3UU4f
1271,2QETgKUwPRMddmpAlIdYtB
1015,07nH4ifBxUB4lZcsf44Brn
441,15CWHmExq00wqaOeQX7uiB
1910,4SZM1j8TEdxdFNWnBdV52x
467,4BFMQ15vXr626UOoZL8bUI
1492,6s2wpWPFPAgKg2LXxi1Oee
197,1XACy3ciknn4TIwWdoTeJx
1708,5LTKyiIykpLTtH417xvIsb
687,1f0XXuJdfiAaXSyV2F9pEC
145,1Hv54MWloXiAZDam1ez840
1690,1G2n4qvm3ZJMZJYVJxlPH4
972,1H4QmjSyCnUTIaIBtbbXmD
1307,2FLbIwAlU5nRbKraSwuRXF
841,5LnEyVrdBBYUWadArQrAIG
1781,44jJCNW8frQLEWpYuAQz47
1260,0N9ZvzuX2NdQVJqWP2fN0N
2319,2l0Fp4ScDE522wyVx7IqXV
570,3BN86m6Dl6hYgOj2qo1gAg
848,1uL78kFWxhz3umTMWJu8n5
2117,43hHjvaO9brl5t7ywedeyx
122,0wbQPvUQU4fqjw3JnDCibv
366,7jTKLKs3NDmDnJHan5M2A0
833,55Q46o5adtSobImSKrrlqW
791,4iZfa1TKADNVEPW4NGn8JT
1055,5gMEMaqm74DwNKxZ0RfWM6
355,05fHQeRbCSjKVS6z0WbQKJ
768,145b0MW9PfYcLmd7l2wiHs
638,0QFCQPZ82YVNg2Etf8y95v
823,1gGsNNUfvVMOv4llVMg8Vg
2209,5TNspX9swzjDYuWlE9LzFe
1816,4j60Soaf42fMaWbu8Kaukf
2311,26ojXzll8VUEHY148hGptB
1044,3wGQULikds23nGCvIJf5G4
59,0muI8DpTEpLqqibPm3sKYf
428,3Cr8Os0nVRQbH0B4y7HFC4
986,1pKYYY0dkg23sQQXi0Q5zN
379,6wdviVWctiZnY6tVn6bh6A
212,6WoQzK5Exbfcmow1AoNRkl
1742,1usLCyaUZ2y0uoPmKj1uYo
2291,2eZ9JRuLttsXyFm43OZzRb
763,56SXSA3xgvmBTr1hnmgsQY
398,1gfwgzjAxaBApDZWKCie6H
754,3gdHUjZ6QHTPdrbGO7QPnN
1414,4qdgv45EPcQqpQ08tF34f8
1822,6yjgV4alN5E6V9H7DMMzTQ
2338,1KGi9sZVMeszgZOWivFpxs
1723,7gUtrUENhHW0GMnT2h0W9f
1058,533fq1mLGB1CrUkmWyEOXr
1988,6gDTyTnFxpvQtkgGuNWGbE
1815,3w4YszQwxhG5q1iYf4DMpR
2043,6z2WRszNAq4YHlw3WuwjZR
1389,4OjuzM3rTWp3q60mEldNSF
825,1P7ycI8RxUZVErR2xCPqbA
1007,2eXEzzZH5lqopZ5XgActM0
1303,2oaK4JLVnmRGIO9ytBE1bt
1828,6okQlv5v9VaJEzoxBUAx4S
583,78sr3ogs4UzITcCNbXM9cM
621,1K9YlxsaqEDqTaGHOdPVRJ
565,4k2l5T9ulYdnlQzlmzSqUI
95,6xzsOx1wiwlzFMbBSHPndb
1429,3wkKkFAtYSTRwqOydW6T0I
1748,3Dp5SHGbRIqjGGI3cPdESA
200,4hYHaROtjB6YREh6AgW3fd
194,0N8PEQ33Ba841py3SEV0Wp
151,6SRRYfPqjLx4cF2GP0sNQ4
209,5xV0Czdqefft6sPDqjmFBu
69,1A7KzKilAbUieIhQMtLWkY
1078,5Mw9bXG1dLNhbjofkVS2oR
675,6QttDorIxNUehXGiqtiq1P
367,2374M0fQpWi3dLnB54qaLX
824,0VYhxVxH9ijmdHUKsON9Bk
2289,2qP1B10tD2kotptYHya4Ah
333,7fRvtXvJMpGfTLdF0M09a1
1993,4j8gmCSLLy0TSFg2brV01g
300,4ZeCZyI1Zhh1tVkThl34px
1846,2a1c7bQ01PZhj3Pe0RALM5
180,09WxJCWFMWAxTHBLLelpDS
1743,15xNv1IPTf8fnIXkguH74p
1830,3lw0CSMQ88LcN0ZMP6DlWi
2078,0aWMVrwxPNYkKmFthzmpRi
2103,78OvOmHB4HlYLHyyLNIhVW
2050,0pLFomaThhEDbz3EyC8vrv
649,1AoiVnAj0a9G7zLyLnmfIt
688,6xyd8KWUlBxCE9hANhl71N
1995,6cwemXIKrAQeP7TMErGwM3
2153,4iXZFxEUzTTLMLE5jCyKEb
1470,3hi3PA6XEkeT10htvlVX2o
166,1x5sYLZiu9r5E43kMlt9f8
2256,0zo4T5c5VV42554ySEc5J6
329,2Q0HXXMkR28ZZkyX30UmLc
1741,31g5klhCpFHJcY3j4DYSdw
877,5fSDXbY8o9pA3TKwAbfwML
1847,7mMlbJlXXo2mRtQ4R9sIzD
673,5jL4xjPGhhJsnxsrtrZNlE
1587,5zTX7MeCrTX5ZBFSqJS7XZ
1761,76QK6gTaW2bBV47FDe3RPK
233,07KYRDFf8Q6sqj4PWCP9vh
1768,3AXoBagRfCVOLokemf3xNu
1426,61CsaUHQc2oT3o572mj5x6
843,7pudclCl5P99Me3P5F9hPC
922,7FfpP3YZ6fOWMdxkIAtud9
1706,2S5LNtRVRPbXk01yRQ14sZ
75,3G9RQLOSjsXVUDyQSv2PQR
1399,06qKsOkkOeZzGyciSEuyJb
2373,0Kt5AHOpQAkEsHAuPeB0le
277,6t2ubAB4iSYOuIpRAOGd4t
2075,7jk7gqyEonmVVYahZN5zhW
374,1EXrFPfVNVsyb32yapebbM
1222,29Zj1r8cek15xe08vNUOLy
181,6BPA3Uzu6xDFTklgeWGqbD
1396,0i8JFpqe9cKwnrcvoNgl1L
31,5vEE1d5gkv3pgfZyppLeX8
1458,61Ox3v0nUOunBUJ1F95BEY
299,6Fha6tXHkL3r9m9nNqQG8p
1181,3An4XHuaLhvbImL2DqJR84
2211,2HZIIE2jJGM04YGNS5J5uS
1247,3Lbxie6whOW4eMt4jtI32k
2172,6fRLVZ4jKzuqyDPlIdbq9q
1572,2k6hpKTyubRVOmQR11ViY3
1347,4pckuF6VOu58o1pMFUdlPW
308,7oLXIyY1ZUexU0zcr39Xj0
1064,0KHGoo7FwwOXphwViJjyIl
2109,7hR5toSPEgwFZ78jfHdANM
120,2BH6KnSpbMUmdFfZ0IAMG4
1538,07GvNcU1WdyZJq3XxP0kZa
1173,6wntNrWu9bXBNPmujdwqhL
1193,3Ln1oaaH54EofSSQoNeClj
15,4nqdlZEyfCTE6vqm58XTrI
1919,5HNCy40Ni5BZJFw1TKzRsC
720,3ZCQtXq0rYdRjkZHfbGk6c
635,34NDtK7itMA8HmAGubMeoV
2151,1NTTEPMrcMFhD1YUoGrta6
1831,1lhtOsCUtm0kND96OtDeNw
2139,4uuv3ZBhnUYIBYj8mKuVe3
2079,7wwDhqPS3gxRDenfX2GtiT
43,4RdRa3qq0GBSKjomxrkh5K
2165,7vVIj8Tm1wCawjvwVZdeLD
508,3h0NvxPV2wiENW2ieih9DL
1371,6g4kwd5Y4LS0H31PZ5GcuY
1289,7dUCFnaGSWLH6SdDP08NLP
2121,0ygAYQQy7bfDN6gH640bbl
1202,63Qco1ncI5U4qEUnxL1DsH
1779,6fOh11kHHoQiwSNA5ybRA9
1790,6JKoTnberZoBgUuxa6l4Kh
669,672DOq3w1Dr93THZOebt4l
2150,6Vas6h9lB5mmeVDXdFqlQA
1727,38x3I8MkpDFgXft9QUQQOI
1599,6ibWCCEne6WEqDBAv7BeXv
293,6H75Ki32BRrJFQeDNR05s1
1087,6iz58z2LC8uHL3H2aiwX6I
1416,5pfJsMwoRYKampPay8amX0
1873,26s79pNvksAh8tlEembKm3
2195,7d0X7GXRfpRx4E4J4CFvyQ
587,6b8Be6ljOzmkOmFslEb23P
1023,2lMo0dNncO9Nivs537rfOV
634,4vXENAEm72a263JEn91r5n
2026,0aersVHlGGXcHeRvHtuaSt
10,4DqCB4QBJv8ESudmYG5L1f
1136,7DoBn08dqKS9MmtZiZChVD
3,5N773ELkkxIbAhMoJr80Lj
2057,7rDOSQkStxj28M4GRM6Xbs
298,1rSrMVQbnYWihopHxGXhOD
1284,1VaZr4rjUXsgiVjmcPFTnH
1319,26fZwf1ImE4aUJ4XaqOkUg
1467,0GUzEVDBwXETNyiiqAbgYH
1214,5vLonpxn4VN0A8GtQOBSG0
454,2hKdd3qO7cWr2Jo0Bcs0MA
2160,1nP6feYWJVpbO41aezFtm2
148,5i6vTq4PBXpRqcTIbNWQjA
0,6hEZk9hZ5o6lGrHLwLUPcs
2249,0y1QJc3SJVPKJ1OvFmFqe6
2349,4HREgaJwditqnnb1hZPHWH
34,4V7qsMQofyrOYszxNROzmA
1460,21QKKIGylwACqqy2pP3V5U
394,7tRIpQDyq22qkjdk4mzBrq
2064,0wsXdby1T3PWLauIkGUZzg
1372,4I4oqnfMINUc6LmzixxJf8
1273,51AjDFaNRMWIOkn9PNCcpQ
933,341863z079BT4EFPiSw9DP
97,0DQd0tWurMHUAv0cMnDELH
152,0xcFH3973DZauDkGnNjMgm
220,0YgvF6fNWydNGzCY3pzK4Y
882,3GgI4QQWvsqqdKCvnNN0UM
2101,4yGVrIFtdY6IyfVJc0pKjt
1907,1P7G4EZBFRJCNtUQl9V7cB
1366,1udKn1oNKYQSQ9OmiIWCMu
1084,2ex0hGTbxQBBmKEpPwzxOt
445,5G2c6FsfTzgYUzageCmfXY
1516,3SmEmQtCTSHSHPRKdRuHli
165,0AS090YJNo3vh75GrFxwbX
726,5cEt3GIleqHgrtBEBQifso
741,0oUzMf8vvmoBbJGIXgeAoR
2287,7eJECM4njsc622iY9zg4af
21,3D2cU7LmuH7UCTSOa1bhai
2198,7iKXO3oCFiiZRniwAJaGa4
399,6oKXANNHxeURV0DP7hRWhS
1262,661j1MnXM5B7Q3IN8A8ak6
290,7t2bFihaDvhIrd2gn2CWJO
2011,72yHcYTFilEkFY1cJigOaE
1791,0eKRwDBVWxCXWpLYFYrbd1
1398,2Lo8MO9Ljv2z0Im6rDRnUt
1497,7n5m8nDAnyXo81tr4B3Bcw
777,6aXz46SzXMH4rSgSghwixD
2132,0VdSyCb1n7F5G0XkePzAlf
